﻿<?xml version="1.0"?>
<doc>
<assembly>
<name>
Symphony.Upload.Client
</name>
</assembly>
<members>
<member name="M:Symphony.Upload.Client.App.InitializeComponent">
	<summary>
InitializeComponent
</summary>
</member><member name="M:Symphony.Upload.Client.MainPage.InitializeComponent">
	<summary>
InitializeComponent
</summary>
</member><member name="T:Symphony.Upload.Client.Symphony.Services.Color">
	<remarks/>
</member><member name="P:Symphony.Upload.Client.Symphony.Services.FeedBackItem.RowID">
	<remarks/>
</member><member name="P:Symphony.Upload.Client.Symphony.Services.FeedBackItem.Question">
	<remarks/>
</member><member name="P:Symphony.Upload.Client.Symphony.Services.FeedBackItem.Method">
	<remarks/>
</member><member name="P:Symphony.Upload.Client.Symphony.Services.FeedBackItem.Answer">
	<remarks/>
</member><member name="P:Symphony.Upload.Client.Symphony.Services.FeedBackItem.OldAnswer">
	<remarks/>
</member><member name="P:Symphony.Upload.Client.Symphony.Services.FeedBackItem.Sorder">
	<remarks/>
</member><member name="P:Symphony.Upload.Client.Symphony.Services.FeedBackItem.Remarks">
	<remarks/>
</member><member name="T:Symphony.Upload.Client.Symphony.Services.FeedBackItem">
	<remarks/>
</member><member name="P:Symphony.Upload.Client.Symphony.Services.FileAttachmentItem.RowID">
	<remarks/>
</member><member name="P:Symphony.Upload.Client.Symphony.Services.FileAttachmentItem.FileLocation">
	<remarks/>
</member><member name="P:Symphony.Upload.Client.Symphony.Services.FileAttachmentItem.Filename">
	<remarks/>
</member><member name="P:Symphony.Upload.Client.Symphony.Services.FileAttachmentItem.Created">
	<remarks/>
</member><member name="P:Symphony.Upload.Client.Symphony.Services.FileAttachmentItem.CreatedBy">
	<remarks/>
</member><member name="T:Symphony.Upload.Client.Symphony.Services.FileAttachmentItem">
	<remarks/>
</member><member name="F:Symphony.Upload.Client.Symphony.Services.Databases.JOBS">
	<remarks/>
</member><member name="T:Symphony.Upload.Client.Symphony.Services.Databases">
	<remarks/>
</member><member name="M:Symphony.Upload.Client.MainPage.GetAttachments">
	<summary>
 This function executes the get file attachments async call
 </summary>
	<remarks></remarks>
</member>
</members>
</doc>